"KRAS","TP53","EGFR","AURKA_rna_exp_median","AURKA_rna_exp_mean","AURKA_rna_exp_sd"
"WT","WT","WT",-0.5861,-0.4976,1.00589739083511
"WT","WT","ALT",-0.4929,-0.40960824742268,0.847009100904237
"WT","ALT","WT",0.4261,0.47782192513369,0.787944389242166
"WT","ALT","ALT",0.1487,0.220417272727273,0.940086179717182
"ALT","WT","WT",-0.1709,-0.171,1.01492196887407
"ALT","WT","ALT",0.09565,-0.25475,1.16837421088736
"ALT","ALT","WT",0.43735,0.46507875,0.855596017101196
"ALT","ALT","ALT",0.4232,0.2773,1.20431508958412
